year,n_companies,n_10k_found,n_item_1a,pct_of_10ks,pct_of_universe
2006,497,391.0,367.0,93.9,73.8
2007,497,408.0,389.0,95.3,78.3
2008,497,411.0,394.0,95.9,79.3
2009,499,434.0,422.0,97.2,84.6
2010,499,451.0,441.0,97.8,88.4
2011,497,450.0,441.0,98.0,88.7
2012,497,443.0,433.0,97.7,87.1
2013,497,451.0,442.0,98.0,88.9
2014,498,451.0,440.0,97.6,88.4
2015,500,457.0,448.0,98.0,89.6
2016,504,471.0,462.0,98.1,91.7
2017,506,476.0,472.0,99.2,93.3
2018,506,477.0,473.0,99.2,93.5
2019,505,491.0,487.0,99.2,96.4
2020,505,495.0,490.0,99.0,97.0
2021,505,500.0,496.0,99.2,98.2
2022,503,498.0,495.0,99.4,98.4
2023,503,500.0,497.0,99.4,98.8
2024,503,496.0,492.0,99.2,97.8
2025,503,502.0,499.0,99.4,99.2
2026,503,449.0,445.0,99.1,88.5
